from,to,cchTime,weight,cchHops,cchExpanded,cchLoadInvocations,dijkstraHops,dijkstraTime,DijkstraExpandedNodes
40082,40085,26,21444,1,6,0,1,25,3
87148,317580,188675,4786283,22,1257,490,1225,1988278,362025
428917,428917,691,0,0,2,2,0,0,1
317528,290796,35082,1072991,19,245,90,320,70410,26352
290798,290677,3937,118838,22,39,10,22,17189,68
290786,317580,35417,1258266,18,280,88,403,87245,30848
243301,40085,19385,1332965,40,157,47,331,41521,20978
40085,358006,203958,5914121,39,1328,494,894,1794169,383887
290796,40081,156606,4346543,43,967,379,947,2054977,308802
317580,263124,237129,5080806,25,1093,405,1565,1190447,373228
290783,434393,191472,7238339,24,1217,468,1854,1463277,422398
290798,375066,25062,1244699,31,177,64,256,358689,28208
263123,428913,54224,905911,17,504,120,358,195594,71073
428913,40090,193453,5789965,39,1195,464,1396,1566781,407830
40071,74673,158296,4767639,45,1100,373,1042,671620,213720
87148,290786,204909,5463173,24,1261,507,1221,2137946,395925
317528,40083,51480,2971190,18,347,134,802,334876,113347
290783,40072,58416,4306467,40,550,121,905,420374,152360
358006,40071,216650,5808196,40,1317,519,903,1215625,345536
428917,40090,178774,5814581,44,1198,430,1408,1508305,407830
243283,290783,57365,2936959,21,367,152,1019,184741,72365
375066,317580,24863,2280942,17,306,50,602,168949,63405
87148,87148,29,0,0,2,0,0,5,1
290677,380608,130770,3346415,26,458,197,834,800030,120585
303394,40090,16759,1376768,30,130,47,207,47298,16794
40086,380608,11984,817987,16,86,34,148,12234,6331
40082,263123,193756,5830777,44,1170,476,1600,1367824,371568
243283,74673,174977,5357291,27,1108,424,1338,724369,228983
290786,290677,1131,181437,20,53,1,44,1765,428
375066,317528,39623,2290503,17,302,98,614,170420,63983
40082,243292,14480,1292035,36,146,40,323,25698,9814
290786,303394,63683,3049606,19,378,167,770,300860,103105
40082,303394,18490,1495073,34,157,52,211,41320,14777
40072,303394,18759,1452102,34,157,52,211,28933,14777
243301,40078,16387,1518458,40,157,46,387,46328,23264
263123,290787,149669,4306815,23,1016,375,1405,1050016,343841
243301,40082,6354,1338326,41,157,13,332,41616,21026
290796,40078,186191,4524439,43,1049,451,1001,2183598,333608
243292,290798,55990,2960266,28,349,143,949,179274,73019
317580,290784,36994,1151143,15,279,95,331,75445,31041
290796,40071,172586,4348708,43,967,415,947,2056453,309167
317580,317394,4850,92027,11,42,13,68,2587,1077
243292,375066,174934,4036291,19,1040,420,1165,307491,119306
40085,317580,35805,3168724,40,342,114,762,597696,76002
303031,358004,202889,5389653,21,1274,507,823,1272153,379224
40084,40078,6965,657893,53,96,21,104,8399,3741
303031,40079,9664,681999,39,100,28,129,9729,5007
358006,290796,210034,7273366,30,1289,515,1632,1395487,403453
375050,290794,22930,1068234,20,160,61,227,52318,12615
40083,290786,159226,4018961,21,952,409,1102,518857,168845
428918,290794,172855,4383445,31,1133,421,1375,1344177,350563
40084,428917,180223,5770532,45,1202,439,1537,1436973,369653
290796,380608,82970,3354459,27,460,208,835,1174147,120585
290786,87148,208598,4944369,24,1260,508,1170,1285562,377002
40071,415045,180861,5786526,45,1202,441,1537,2263845,369101
87148,40071,170425,4234602,42,1241,425,636,1922974,343074
290787,317394,39106,1199518,25,282,97,394,74890,27683
317580,40085,58261,3277231,43,379,112,847,363628,131447
303031,290784,156236,4086943,22,966,388,826,586744,191531
317580,290786,36527,1167598,18,279,93,334,77374,31831
380608,290783,72682,3512623,23,467,183,842,569129,182044
87148,87254,4152,74796,12,61,11,18,1054,256
40084,40080,5907,659610,54,98,23,105,8421,3751
290798,358004,220589,7005508,34,1294,521,1581,3759301,430637
317394,290794,88007,1125174,22,283,89,339,294577,31704
263124,290796,160599,4464609,22,1012,392,1426,1259023,354121
87148,358006,64221,1951925,17,461,153,306,312567,83772
428913,134388,114295,1267735,13,833,268,273,567024,145646
263123,87148,163296,3293724,24,1072,396,1079,897574,289988
290786,290794,491,12405,6,16,1,6,283,11
40080,358006,223992,6069325,42,1333,525,949,1400318,383941
380608,290798,88815,3521215,33,471,227,770,572472,183044
290796,317528,13012,1196720,19,274,17,392,71170,28272
87148,243288,204467,4941139,22,1259,521,849,2027349,371598
358006,290786,193177,7115109,31,1293,471,1611,1384284,398692
40081,303394,19286,1495632,35,159,54,212,31690,14777
290796,243283,65331,3122816,24,404,161,962,1128542,104927
263123,40079,143843,6028939,44,1182,430,1545,1526284,411696
415044,40082,180565,5835524,46,1200,434,1410,1411150,408281
358004,317580,201709,6533843,21,1307,482,1505,2116497,373320
290794,40090,184381,4402494,35,1055,461,968,1189535,333993
399936,290677,152787,2592691,17,985,386,566,1159844,279492
87148,40081,202528,4232437,42,1241,507,636,1922767,343017
358006,434393,301068,2749397,21,978,319,372,130623,47045
303031,87148,202427,3743555,22,1236,487,807,482782,158308
40078,290786,179155,4405830,45,1082,443,1183,546104,170141
380608,415045,187142,4810528,26,1153,471,1424,1460319,367633
317394,40084,56418,3195665,34,379,146,577,575580,129396
40082,375050,219042,5298511,43,1264,533,1335,1198682,319700
290794,40083,124860,4172470,21,939,305,1215,1062237,299536
40081,74673,185746,4795247,45,1100,470,1042,694594,213720
290798,380608,91236,3399847,34,470,212,842,754524,120169
290784,226179,142452,3717535,20,993,349,797,662665,172163
434393,399936,173133,3801676,27,1136,421,1217,1557460,257660
317528,303394,38563,1885313,13,291,100,409,152701,53816
428913,290794,169721,4361986,27,1131,426,1364,1186642,350415
415044,87148,150292,2841517,17,1009,370,408,985698,269405
40085,290783,95408,4169348,40,519,243,1189,880637,157836
317394,434393,175753,6725676,25,1251,435,1861,1599933,431945
74673,74673,406,0,0,2,1,0,0,1
317580,40072,53916,3271071,44,375,139,848,361531,130796
40090,375050,210399,5213211,38,1256,525,1330,1429890,319700
303031,243288,17986,1207685,18,130,51,287,29613,13341
87254,290677,202478,5637019,24,1236,500,1231,1389262,399616
303394,226179,151981,4312459,24,1017,377,1132,2488888,286166
428917,74673,172558,1347788,24,849,340,583,633234,152487
40082,243292,14754,1292035,36,146,40,323,25698,9814
428918,290786,167116,4393744,31,1135,395,1375,1346138,351191
317580,317528,3447,57121,7,19,9,12,471,113
290786,290783,20568,921923,20,151,51,319,45682,15789
87148,290796,221385,5621430,25,1263,474,1242,2149304,400303
40085,243288,18029,1221974,35,130,42,269,20727,8991
87254,303394,198383,3658938,19,1183,482,562,1140308,314440
290798,375050,9676,1267801,32,177,18,257,363323,28935
290798,87148,208811,5126802,36,1260,496,1213,3153835,377002
243300,428917,169145,6401783,31,1191,418,1841,1164986,378943
303394,243283,31648,2166021,22,221,84,448,175429,53311
40082,303031,11343,510461,38,89,29,74,6939,2703
290796,399936,149826,2663810,25,998,373,565,1035048,79777
74673,303031,185601,4258744,23,1095,477,1113,1610109,394215
87148,40080,184856,4412050,43,1247,446,691,1942256,348431
425394,303031,179896,5547318,20,1157,448,1441,1554142,397376
290786,40082,184058,4415414,41,1061,442,969,1163353,335444
290784,108984,129251,3838089,20,969,307,1034,845572,206582
317394,290796,34057,1021248,23,255,83,311,278434,25545
290787,375050,21479,1087972,21,165,64,215,63091,24335
87148,226179,135022,2827963,25,964,331,802,1334826,223122
399936,40083,192980,3880974,16,1141,485,914,1505120,381151
375050,290796,11532,1236790,22,168,21,248,114798,16652
243300,243288,5405,87535,11,37,15,40,1154,616
303394,317394,41448,2007502,14,302,98,364,135142,43158
290786,358006,217265,6863620,22,1293,532,1540,1460938,431148
290794,317580,18789,1270061,17,282,34,407,77554,31021
243301,290783,58370,2954231,21,359,154,1024,178257,72289
243283,303031,23217,1293508,23,165,65,332,41984,20709
399936,40086,174814,3939653,20,1141,427,948,1514730,384420
415045,87148,133941,2841802,18,1010,319,409,1042850,269405
317580,358004,196773,6479605,19,1307,483,1595,1369336,424254
317580,290677,34081,1066301,17,251,88,309,59037,24946
87254,108984,135345,2478458,20,926,346,499,493871,141735
87148,290796,202465,5621430,25,1263,513,1242,2149304,400303
303394,290794,241698,3129754,20,401,187,701,745636,129639
290794,87254,205084,5007233,20,1232,501,1179,1325679,378980
317394,290798,33110,1029998,30,257,83,318,280418,26274
375066,428905,167881,4502288,21,1053,414,1374,1194306,342922
87148,243300,206481,4988949,23,1259,520,897,2037613,374150
317580,415045,221485,5063416,24,1149,451,1500,1186242,371767
399936,317528,240443,3512686,14,1103,452,790,1450354,362686
428917,87148,140653,2845289,20,1012,345,411,1078522,269405
40090,87254,200156,4228810,35,1218,498,873,736528,173713
263123,40082,164976,5843687,42,1178,382,1489,1520914,408856
415045,87148,185790,2841802,18,1010,366,409,1042850,269405
290786,263123,161143,4548539,21,1041,396,1299,1200679,347832
87148,317528,193653,4785645,19,1257,473,1217,1988188,361998
243300,399936,199807,4533627,22,1154,496,1150,414270,155939
40079,40078,889,5120,1,6,2,1,16,2
290796,317580,80797,1187159,19,278,101,380,70330,27928
40079,40078,799,5120,1,6,2,1,16,2
428905,87148,151847,3364353,17,1094,363,545,1076846,286324
303394,40085,7114,1396122,34,138,16,211,50191,17697
303394,428905,197392,5253059,25,1151,503,1672,2852668,390289
40086,428917,182679,5628019,26,1186,453,1570,1400516,370316
358006,40085,218636,5798434,38,1315,527,901,1214896,345203
290677,290786,5839,188320,22,54,15,47,1130,389
40081,399936,188036,4033859,40,1142,449,890,406601,133112
40090,74673,165875,4709388,39,1100,402,1036,936889,213720
290794,380608,51434,3437361,25,476,135,862,375902,131149
303394,399936,176808,3315658,19,1086,452,823,800964,142665
428918,399936,215521,1969380,27,899,332,863,936670,209094
290786,303394,62923,3049606,19,378,161,770,300860,103105
428917,290786,159624,4396901,32,1136,390,1376,1311432,351191
40082,40086,6897,337933,38,87,19,77,2328,790
317580,40071,50145,3286993,45,379,126,849,366868,132479
290786,243301,36175,3210319,23,400,70,990,328155,113133
380608,243300,18155,1752579,17,170,47,377,92683,36801
87148,290796,197218,5621430,25,1263,482,1242,2149304,400303
290787,87148,201310,4946973,25,1260,499,1171,1453753,377002
317580,317580,717,0,0,2,2,0,0,1
108984,399936,129977,1137929,18,893,330,645,1025668,177693
428913,358004,169523,3945284,18,1097,418,477,1110123,325261
290786,290786,25,0,0,2,0,0,0,1
290798,317580,40102,1232547,26,280,100,387,356147,27780
40079,40085,8711,636902,54,99,25,97,5760,3184
40084,317580,31027,3143638,40,342,67,762,269721,76002
40078,317528,44933,3311473,39,348,109,803,212235,75681
40071,87148,253525,4221873,42,1250,500,878,503139,166996
303394,290787,70417,3119732,22,399,182,698,740289,128477
40071,290783,95904,4163743,42,523,250,1191,473149,157836
358006,134388,166545,3164378,18,1040,406,372,276662,86503
74673,87254,166923,2741906,18,1026,418,825,1245498,295397
40079,317580,10893,3317231,43,354,1,812,195744,75720
415045,290798,171497,4560421,36,1136,425,1402,1315930,361392
87148,290794,198197,5452874,24,1261,482,1221,2137325,395673
428913,40079,204892,5999932,46,1204,456,1457,1637747,411387
290786,87148,196255,4944369,24,1260,487,1170,1285562,377002
74673,243300,189377,5381791,26,1113,469,1382,1675452,423248
263124,317394,157145,5337147,18,1114,379,1624,1460698,395875
40078,40082,9273,637143,54,97,23,97,6112,3226
40071,87148,197740,4221873,42,1250,468,878,503139,166996
108984,40083,159719,4623750,21,1017,405,1160,1936384,399072
415045,303031,171256,5344156,29,1152,420,1342,1485132,393971
243283,428913,176176,6373693,28,1191,443,1830,1247777,378340
40086,40085,7637,339480,36,86,22,90,6097,3198
87148,40081,183462,4232437,42,1241,436,636,1922767,343017
134388,40078,170817,4960484,40,1075,405,1140,1445320,405770
290787,87254,201080,5012161,24,1232,490,1172,1458843,378980
428913,40072,184968,5803159,44,1200,442,1401,1572231,408102
428917,317528,166746,5385827,28,1148,412,1353,1484327,396586
425394,40085,185461,6033610,37,1205,447,1509,1584940,408637
375050,375066,1453,28147,8,21,4,8,63,16
358004,87148,69080,1779435,18,454,171,288,50220,20715
226179,375050,153007,3176541,22,1008,381,878,1029405,314537
317580,40085,54483,3277231,43,379,139,847,363628,131447
40084,358006,228850,5889035,39,1328,536,894,1491867,383887
74673,399936,70894,634311,18,481,185,289,298931,91285
317580,380608,60151,2293349,23,305,102,505,199698,77341
87148,358006,56972,1951925,17,461,131,306,312567,83772
303031,317580,30948,3031870,21,340,89,529,246998,88017
290787,303031,115071,3926365,25,781,263,901,918463,231626
380608,428913,182958,4808043,26,1152,454,1421,1458969,367268
317580,243288,12110,2064409,17,297,15,592,154805,61431
263123,290796,160159,4464421,21,1011,396,1425,1081975,354121
87148,87148,782,0,0,2,2,0,5,1
303394,303394,2567,0,0,2,2,0,0,1
40087,358006,223217,5910347,42,1331,531,897,1355605,383887
434393,87148,152271,3249282,24,1144,375,348,1431544,212621
317528,40085,56294,3245155,40,371,143,839,386792,131029
303394,434393,189648,6478567,26,1254,480,1210,3015399,431182
317394,428905,178030,5158767,22,1117,442,1664,1439719,384381
87148,243301,205571,4989815,23,1259,508,898,2037823,374206
290794,87254,199711,5007233,20,1232,496,1179,1325679,378980
290786,290796,4886,189481,21,55,12,45,1852,458
358006,428918,158382,3891772,16,1100,383,476,841877,215504
428913,243301,179243,6574294,26,1187,437,1664,1878413,423937
40072,87254,214520,4271139,40,1220,491,878,551756,173713
73221,40086,179799,4358799,20,1089,444,1100,2203832,398236
290796,434393,183003,6507156,33,1230,445,1646,2486290,421410
40082,290783,91501,4190792,41,521,236,1190,592729,157836
375066,358006,210993,7107335,21,1303,511,1815,1495610,431470
87148,434393,157762,3271478,26,1131,396,348,1659122,276080
290794,40078,171428,4607341,41,1121,412,1028,1267299,357972
40072,290677,158125,4139619,43,938,399,1110,495407,155965
358006,290783,185056,7537204,20,1280,444,1862,1425408,415585
40072,428913,202082,5768119,44,1200,474,1533,1433348,368730
243300,87148,209772,5058210,26,1260,513,1151,557190,198109
87254,87148,4640,62092,13,56,13,18,218,89
428917,40086,182980,5644749,32,1186,463,1434,1500046,403768
243292,303394,35927,2276769,14,280,96,599,93981,42802
290796,40087,171207,4356034,44,969,410,948,2061618,310424
40085,303394,19169,1473629,33,155,53,210,35722,14777
87148,40090,362639,4205486,36,1241,508,630,1920263,342310
303394,290794,56836,3129754,20,401,139,701,745636,129639
358006,263124,171186,4561900,19,1093,367,742,1086601,292034
428917,74673,121547,1347788,24,849,290,583,633234,152487
40081,290786,180612,4284446,45,1040,440,1136,531039,170907
263123,358006,167875,4853043,19,1092,420,732,1130002,371909
290786,317580,40103,1258266,18,280,103,403,87245,30848
428917,303394,214429,5244400,26,1156,456,1350,1410473,387744
303394,40071,17264,1405884,36,142,49,213,51225,18038
40085,358006,227811,5914121,39,1328,532,894,1794169,383887
428913,73221,136070,1544216,21,857,348,678,646783,171174
428917,108984,105416,971126,19,777,257,332,317299,77367
303394,73221,607999,3842028,20,1070,446,884,2127924,201175
303394,415045,179049,5095933,24,1154,448,1470,2785241,371877
317580,74673,152985,4044529,23,1078,402,1005,672529,218876
303394,358006,198828,5217923,20,1282,492,829,2841466,387369
40083,317528,44046,2924604,15,328,115,722,210943,75238
428913,358004,168950,3945284,18,1097,419,477,1110123,325261
40083,40087,7917,305804,35,80,24,49,5432,2958
40071,375050,213181,5271462,44,1260,509,1336,1872221,319700
317580,263123,188229,5080618,24,1092,405,1564,1190405,373213
40082,40071,842,127634,9,27,2,9,115,35
40082,40085,756,21444,1,6,2,1,25,3
358006,290798,197529,7282116,37,1295,483,1639,1396009,403680
317528,40071,50715,3254917,42,371,127,841,390046,132019
290677,290787,5526,188971,23,56,14,48,1132,391
425394,428917,25645,737074,18,247,58,119,129982,34489
40071,243292,15002,1264986,37,144,42,324,18136,9814
303031,317394,50955,2991819,18,344,133,496,236378,84689
358006,428917,149398,3894929,17,1101,347,477,843623,216031
358006,358006,661,0,0,2,2,0,0,1
290784,87148,208801,4927914,21,1260,515,1167,1460360,377002
434393,290794,181728,6215741,31,1232,432,1729,1829869,365792
290794,290784,93,33418,5,18,0,9,80,33
40086,317580,45002,2864459,20,330,114,690,199119,71106
73221,40090,188972,4528631,32,1093,467,1074,2240074,403707
303031,380608,4672,501663,16,56,14,46,5776,3060
428913,358006,251088,3985829,18,1098,383,479,1113166,326450
290783,74673,170423,4253999,20,1090,401,980,407122,148211
428913,303394,195112,5219784,21,1153,433,1338,1387019,387744
40071,87148,207163,4221873,42,1250,495,878,503139,166996
226179,290796,136321,3609384,21,993,329,903,1094081,336572
87148,317394,197220,4746232,19,1255,489,1192,1981041,360073
290794,74673,151726,3394872,21,1000,368,746,364422,127341
358006,243292,208117,6563350,20,1305,520,1169,1277512,373523
317580,73221,236983,3809511,19,1068,421,914,511581,178035
40084,317580,45863,3143638,40,342,114,762,269721,76002
290794,134388,176520,4289808,20,1070,440,1221,1141985,320186
290796,290794,5565,207037,22,52,14,52,927,412
243292,358006,231320,6737450,21,1323,532,1165,1749966,401145
263123,303031,174565,5352034,24,1129,430,1420,1494621,396699
380608,40086,12314,799284,18,85,36,136,15445,7469
434393,87148,166160,3249282,24,1144,401,348,1431544,212621
40079,87148,204391,4386085,43,1256,493,931,719597,167261
290786,303031,121437,3923761,24,779,308,900,770545,231626
73221,40071,184255,4557747,38,1093,439,1080,2242156,404601
87148,87148,763,0,0,2,2,0,5,1
317394,415044,169410,5001356,20,1150,426,1461,1403655,371697
87148,358004,60965,1911380,17,451,144,304,302767,81207
358006,380608,211214,4813947,22,1268,531,791,1143310,313161
358006,428917,164691,3894929,17,1101,399,477,843623,216031
87148,317528,204386,4785645,19,1257,504,1217,1988188,361998
428917,40086,175885,5644749,32,1186,444,1434,1500046,403768
74673,428917,114470,1273354,17,844,276,485,549828,166057
428913,40082,186050,5814680,44,1200,448,1401,1575462,408281
87148,290798,199334,5630180,32,1263,480,1249,2150801,400796
243292,317528,38018,1950412,15,290,96,586,69900,32708
74673,428913,133260,1267382,15,838,337,480,545577,164940
290786,434393,178915,6381536,28,1234,431,1612,1438139,421410
40079,428917,182767,5954225,48,1207,429,1592,1461539,369706
428917,425394,28457,735157,18,248,63,137,65383,21321
40078,290794,170599,4416503,44,1082,414,1187,549888,171260
243292,40071,8207,1340170,39,145,20,330,41462,21081
243283,87148,186055,5031969,26,1260,440,1135,600853,197937
358006,428905,169286,4486506,18,1097,431,676,1065019,284515
40085,74673,186301,4773244,43,1100,457,1040,1107935,213720
73221,87148,169891,2960088,21,1096,422,921,1322796,306962
87148,87254,4653,74796,12,61,13,18,1054,256
317580,74673,165856,4044529,23,1078,417,1005,672529,218876
317528,87148,203134,4568823,18,1256,494,1219,1121607,327896
40085,108984,165193,4929681,40,1039,405,1214,1330356,261366
415044,428918,700,615,2,6,2,2,28,3
243301,87254,194708,5118552,24,1232,494,1151,579235,204386
428913,399936,134972,1947921,23,895,339,852,786506,208101
317528,428917,173793,5034827,23,1148,436,1494,1256464,371986
87148,263124,155786,3422218,23,1077,386,993,1726764,291541
40085,317528,47338,3168086,37,336,120,754,597630,75978
317580,40081,55356,3284828,45,379,136,849,366075,132221
317528,290784,34088,1149789,16,273,94,341,84543,31474
290783,40071,98618,4322389,41,552,242,906,426314,154138
290787,428917,172221,4663592,27,1137,425,1216,1413339,362112
40085,428905,200940,5949257,44,1197,505,1737,1802214,386371
134388,40085,181062,4774991,38,1073,434,1084,1422878,396489
317394,428917,195286,5005128,23,1153,457,1464,1404737,372084
290798,303394,51345,3023887,27,372,159,754,656374,97088
40080,317580,48628,3313828,43,354,123,812,197154,75720
40085,290796,160311,4169190,43,942,407,1110,880537,157806
87148,317528,206763,4785645,19,1257,506,1217,1988188,361998
303394,380608,3847,411635,17,56,10,101,4079,1705
317580,40082,56321,3282592,44,379,136,848,365328,131985
317580,290783,32763,1074503,16,251,84,389,61315,25787
317580,40086,49851,2958618,22,347,125,765,305475,111074
399936,290783,185074,3333177,15,1091,467,841,1384833,344412
87148,290783,196871,5764716,21,1265,477,1580,2175010,409269
317394,290794,37837,1125174,22,283,95,339,294577,31704
425394,243301,180167,6798585,20,1200,447,1773,1627239,424165
87254,87148,4639,62092,13,56,13,18,218,89
358006,290786,211807,7115109,31,1293,515,1611,1384284,398692
40071,40085,75,90823,8,27,0,8,61,22
290786,40090,224717,4390699,36,1049,451,964,1152077,332034
434393,317580,187261,6982592,26,1249,456,1415,1876139,386890
317580,243300,36300,2054216,23,297,94,590,153770,61000
317580,226179,144007,4279942,24,1012,352,1162,922341,284972
74673,87148,153899,2701077,18,1054,376,826,1238828,293293
40071,399936,307844,4006251,40,1142,462,890,392663,133112
40080,380608,14168,1140790,38,134,39,170,9093,5181
134388,87148,151185,1894897,16,977,375,272,851799,231886
375066,40080,225883,5287662,42,1263,531,1001,1332555,388721
290783,87148,278181,5635690,20,1266,499,1516,1271851,372863
40071,40080,6801,679091,56,100,20,107,6749,3751
40090,87148,212997,4163622,36,1246,505,872,713398,166996
290784,290794,1207,32296,5,18,3,9,79,30
290798,290787,6979,253828,31,68,18,58,43519,392
290677,428913,175081,4772592,28,1128,425,1243,1745131,361887
303394,303031,7936,909830,16,61,24,143,13448,5600
40079,87148,198551,4386085,43,1256,488,931,719597,167261
290794,290786,1608,13527,6,18,4,6,40,12
375050,428918,163325,4398142,24,1146,399,1202,1555440,325474
290798,226179,155728,3916423,35,999,382,843,1163329,173222
87148,263123,164385,3422030,22,1076,428,992,1726655,291516
40083,434393,193819,6956402,24,1278,476,1264,1509355,431118
290784,290787,1627,22274,6,24,4,6,47,14
428913,399936,122711,1947921,23,895,303,852,786506,208101
290783,134388,297548,5148935,19,1187,454,1455,1141572,329702
73221,40082,192176,4553346,37,1093,471,1079,2241910,404493
303394,40086,15743,1206936,18,126,45,233,26699,10420
290794,87148,194330,4942045,21,1260,468,1178,1320569,377002
290786,40085,187542,4410053,40,1061,463,968,1161058,334736
317528,415044,163254,5031055,20,1145,396,1491,1255390,371616
303394,358004,208321,5177378,20,1276,524,827,2827669,383435
40081,263123,191848,5831336,45,1171,458,1601,1254829,371568
380608,290794,127990,3616391,25,744,334,791,602632,192081
375066,317528,44839,2290503,17,302,114,614,170420,63983
434393,40090,196171,7147112,44,1296,473,1379,1944417,399239
40085,290786,156431,4262443,43,1036,423,1134,923891,170907
317580,428917,169695,5066903,26,1151,429,1502,1187246,372118
290794,290794,841,0,0,2,2,0,0,1
40072,263123,187577,5787806,44,1170,453,1600,1443497,371568
243292,317580,36747,1951050,18,296,94,594,69960,32736
290786,40079,164511,4600666,43,1125,385,1025,1231008,357176
290794,87148,196570,4942045,21,1260,467,1178,1320569,377002
303031,290783,90550,4010303,22,465,223,884,565291,184593
399936,428918,141086,2132008,18,904,354,727,989850,231468
317394,317528,4116,74161,9,39,11,50,10750,1788
40080,87254,200895,4447870,42,1228,452,932,515009,173851
428913,428917,5336,51918,12,26,15,14,141,63
40079,40072,8641,630742,55,99,25,98,5676,3131
40071,303394,19316,1468024,35,159,54,212,28996,14777
40082,358006,203043,5935565,40,1329,497,895,1409239,383887
290794,380608,127662,3437361,25,476,216,862,375902,131149
290794,317394,65393,1208709,23,284,101,397,70148,27983
317528,303394,35200,1885313,13,291,86,409,152701,53816
358006,317580,200715,6558771,21,1308,482,1507,1277076,373320
40085,134388,174734,4850466,41,1076,443,997,1197377,233677
317528,425394,171250,5188498,20,1109,419,1694,1291504,384105
290787,87254,191029,5012161,24,1232,454,1172,1458843,378980
40081,243301,15055,1292653,38,158,42,320,19775,9816
290787,303031,127273,3926365,25,781,317,901,918463,231626
428918,40082,183903,5836139,48,1202,441,1412,1543073,408281
74673,243292,184898,5376674,22,1113,478,1378,1675092,423076
428918,358006,171984,3945206,17,1100,421,472,1264485,324786
317528,108984,207735,4168890,18,985,339,1171,884029,260981
87148,317528,184291,4785645,19,1257,448,1217,1988188,361998
303394,40080,20794,1583332,37,181,59,268,72638,24445
428913,290794,180345,4361986,27,1131,445,1364,1186642,350415
317580,290794,42193,1178271,17,281,97,338,78610,32318
87148,87148,941,0,0,2,2,0,5,1
428917,317580,176827,5386465,31,1151,440,1361,1484457,396640
317528,40085,57945,3245155,40,371,147,839,386792,131029
375066,243301,172685,4232995,22,1051,432,1189,1030074,298910
290783,40082,96181,4317988,40,550,244,905,424889,153675
380608,428913,186008,4808043,26,1152,472,1421,1458969,367268
40082,290786,170956,4283887,44,1040,430,1135,637911,170907
40072,358006,218292,5892594,40,1329,526,895,1486218,383887
40085,87148,150906,4227478,40,1252,449,876,911048,166996
399936,290794,149569,2432179,19,963,381,546,1094787,261393
303394,290783,68737,3025986,18,359,183,752,565140,118577
317528,243288,36310,2032333,14,291,95,584,170013,61014
40071,263123,195253,5803728,45,1171,481,1601,2272815,371568
87254,290794,209967,5476507,24,1240,488,1211,1380204,395624
40079,74673,184300,4931851,46,1102,462,1095,892777,213782
380608,87148,149969,3245875,23,1152,468,765,472869,153600
290783,358006,206881,7554941,18,1276,520,1886,1483648,430476
317394,290787,28994,1115152,24,281,91,336,293551,31285
415045,263123,61239,940151,20,558,136,292,255176,64143
375050,40072,217294,5118925,42,1243,533,949,1747054,381670
40082,243300,11498,1291228,37,160,40,318,25641,9791
399936,40081,195482,4136436,38,1143,471,928,1586397,395506
317580,317528,3286,57121,7,19,9,12,471,113
434393,243288,286930,7882765,30,1275,462,1598,1983661,417773
87254,358006,62791,2000778,18,435,149,306,273823,84878
380608,74673,198075,3791641,26,1050,481,929,694779,211919
87148,40082,203436,4230201,41,1241,482,635,1922586,342964
303031,415045,281661,5308208,25,1152,470,1466,1231668,367633
40086,317580,45631,2864459,20,330,115,690,199119,71106
40090,40072,411,71546,7,21,1,7,134,52
428917,290794,174058,4386602,32,1134,440,1376,1309493,350563
428913,290677,175189,4522498,25,1128,422,1384,1251072,360004
74673,40086,159491,4555850,24,1099,380,1203,1629174,402090
399936,40079,195165,4319452,39,1151,476,983,1602224,401736
358006,358004,726,48472,4,12,2,4,67,16
87148,290794,202913,5452874,24,1261,509,1221,2137325,395673
40085,358006,211640,5914121,39,1328,511,894,1794169,383887
108984,290677,165088,3712506,20,968,343,1177,1673065,356489
40071,290794,171092,4267511,44,1034,425,1140,518476,171888
74673,290798,175039,3225682,29,1001,433,829,1356626,327201
290796,290798,4012,90244,23,40,10,23,192,82
87148,40078,208322,4410333,42,1247,502,690,1942123,348394
87254,290786,200265,5486806,24,1242,488,1211,1380765,395876
40080,290783,85981,4314452,43,529,208,1239,452951,156416
263124,380608,182705,4854027,26,1131,447,1379,1315128,371931
425394,317528,176350,5585502,17,1135,425,1450,1559386,399187
358006,425394,193955,4486538,16,1094,435,676,1065025,284519
428905,317528,176430,5583485,19,1138,434,1450,1494009,399187
317528,317528,1305,0,0,2,2,0,0,1
434393,87254,154836,3292203,22,1124,382,358,1456690,220519
358006,263124,172122,4561900,19,1093,431,742,1086601,292034
243292,243292,36,0,0,2,0,0,0,1
428917,303394,177919,5244400,26,1156,441,1350,1410473,387744
87148,434393,156534,3271478,26,1131,400,348,1659122,276080
317528,40082,30906,3250516,41,371,60,840,388547,131559
428917,243301,175011,6598910,31,1190,432,1676,1540944,423937
87254,290786,202499,5486806,24,1242,492,1211,1380765,395876
74673,40085,242317,4745036,40,1101,414,1181,1642488,407819
317394,358004,211908,6417830,16,1309,527,1557,1580709,424254
290783,303031,56212,3826335,23,452,124,836,336603,123114
428917,40081,193037,5841532,50,1204,470,1414,1509251,408323
243292,134388,207003,5563191,22,1252,505,1325,945865,283306
40071,317580,46508,3163119,42,342,118,764,198708,76002
425394,290783,166538,5422120,20,1061,411,1681,1491725,391024
290677,87254,195945,5127133,27,1232,481,1204,1794378,378980
290796,87148,179280,5069989,29,1260,419,1204,2318199,377002
243300,317580,38532,1958453,22,296,100,598,70070,32736
303394,317580,30770,2047553,17,298,73,397,142481,45422
415045,290794,162396,4383115,30,1132,392,1374,1280531,350563
40085,87254,196104,4292666,39,1224,459,877,932804,173713
290786,226179,345764,3733990,23,997,387,800,513289,172163
290677,317580,44678,1179115,18,278,103,379,81421,27928
40085,40081,440,7597,2,6,1,2,26,3
290677,290784,5130,171865,19,49,12,44,1009,355
425394,40079,199468,6224223,40,1210,479,1566,1592930,411550
317528,74673,169606,4012453,20,1076,415,997,716040,218226
428917,263123,77652,943638,22,568,194,294,253430,64143
40083,40086,8374,73007,15,58,23,44,1286,644
40080,73221,190224,4693430,42,1094,475,1004,590631,193529
290798,290786,6976,253177,30,66,18,57,43465,390
358006,303394,850365,5208899,16,1271,465,839,1175638,327415
317580,428917,173783,5066903,26,1151,414,1502,1187246,372118
290786,40083,185847,4160675,22,933,374,1211,1028020,297433
263124,317528,178466,5376560,18,1109,438,1649,1466226,397859
40085,263123,257759,5809333,43,1169,460,1599,1750011,371568
375050,40086,206879,4935899,25,1223,527,970,1723847,373103
290794,243301,38945,3222114,22,402,75,994,324548,113671
40086,40079,7721,530093,37,96,22,147,7701,4159
303031,317580,35433,3031870,21,340,84,529,246998,88017
290798,428913,171858,4837449,36,1135,398,1253,2966001,361887
263123,40085,161277,5838326,41,1177,475,1488,1520698,408748
40078,290794,151753,4416503,44,1082,444,1187,549888,171260
87148,243300,192471,4988949,23,1259,491,897,2037613,374150
290786,40085,198332,4410053,40,1061,447,968,1161058,334736
428917,399936,125502,1972537,28,901,297,864,898853,209094
134388,40079,178023,4965604,41,1075,429,1141,1445939,406025
380608,428917,180122,4814015,28,1155,445,1426,1462289,368178
87148,358006,54554,1951925,17,461,122,306,312567,83772
243292,40083,18891,1056443,15,139,55,291,32030,16383
317528,263123,153148,5048542,21,1089,372,1556,1259524,373042
40078,317580,45851,3312111,42,354,115,811,212345,75720
428918,40087,180558,5847866,50,1204,425,1414,1543549,408458
317528,40078,56931,3430648,40,399,142,895,439779,147506
290784,40078,179384,4579091,39,1117,428,1021,1403456,356451
358006,243283,212246,6568333,26,1317,523,1138,1278036,373758
40087,358006,206653,5910347,42,1331,501,897,1355605,383887
87254,74673,156857,2926834,25,1049,370,1031,878969,230622
243292,303031,20773,1312346,19,145,59,344,40872,20782
290677,290798,4579,82200,22,40,10,22,300,82
303031,434393,191298,6690842,27,1252,470,1206,1462700,430917
303031,303394,7896,989706,14,72,23,141,16311,7987
74673,317580,178874,4129521,21,1089,438,1053,1557987,389401
317580,290677,34909,1066301,17,251,93,309,59037,24946
428917,87148,171290,2845289,20,1012,372,411,1078522,269405
290796,87148,213505,5069989,29,1260,451,1204,2318199,377002
87254,380608,184696,3263986,25,1093,462,514,998941,268671
73221,317580,183685,3932470,17,1079,457,950,1882931,382768
243301,290783,57155,2954231,21,359,149,1024,178257,72289
87254,87148,3540,62092,13,56,9,18,218,89
317580,317528,3744,57121,7,19,9,12,471,113
87254,428905,172429,3509869,19,1085,427,590,1097412,299969
375050,87148,212539,5212717,25,1260,513,1449,1755103,384706
303394,428913,182749,5093448,24,1153,460,1467,2783873,371514
303031,317580,50759,3031870,21,340,128,529,246998,88017
290786,40071,155669,4419815,42,1065,458,970,1165232,336040
317580,87148,147927,4600899,21,1258,450,1227,1059171,328481
290796,317580,38313,1187159,19,278,95,380,70330,27928
87254,40080,167119,4435683,44,1219,509,681,1224618,348320
40085,428917,188909,5795618,45,1202,451,1537,1742892,369653
428913,87254,185331,2861502,15,993,369,398,970648,271262
290677,317580,57495,1179115,18,278,106,379,81421,27928
290786,243292,62869,3206508,20,388,159,987,327470,112887
358006,317528,206451,6558133,18,1305,486,1499,1276973,373276
243300,375050,173054,4066796,24,1042,435,1170,310678,120861
428905,399936,133063,2105040,22,899,329,874,774545,195356
399936,40082,186083,4134200,37,1143,454,927,1586224,395439
290783,303031,90393,3826335,23,452,125,836,336603,123114
290786,358004,280381,6823075,22,1292,492,1538,1459897,430637
317580,87148,258022,4600899,21,1258,496,1227,1059171,328481
40087,375066,215337,5250191,44,1258,520,1336,1138157,317544
87148,317528,181622,4785645,19,1257,430,1217,1988188,361998
358006,87148,62548,1804363,18,454,145,290,51553,20725
434393,243283,187429,7936365,36,1292,448,1620,1986331,419177
428917,434393,130237,1863219,15,897,295,426,807204,191725
428913,87148,139727,2820673,15,1007,334,399,965194,269204
263123,290798,155020,4473171,28,1017,387,1432,1084027,354802
358006,434393,121802,2749397,21,978,295,372,130623,47045
290798,40079,177270,4574947,51,1055,425,1009,2714368,332765
40081,434393,202092,7196768,47,1302,486,1277,1472410,431105
317580,290796,44836,1074345,18,251,79,310,61278,25773
317580,303394,38430,1917389,16,297,97,417,138481,54679
263123,428913,67332,905911,17,504,154,358,195594,71073
74673,290787,167991,3059326,24,977,425,802,1313351,316111
290677,290798,2745,82200,22,40,6,22,300,82
87254,290794,189493,5476507,24,1240,464,1211,1380204,395624
40078,399936,179343,4165343,40,1142,433,942,421086,133162
87148,87148,766,0,0,2,2,0,5,1
87254,290783,212170,5788349,21,1237,526,1570,1413288,409187
40086,226179,142587,4841058,24,1047,414,1230,1074133,283040
358004,243288,188093,6489805,20,1288,438,1114,2109849,370566
290796,87148,204905,5069989,29,1260,508,1204,2318199,377002
243283,87254,199534,5097157,25,1232,495,1136,619182,204158
317528,303394,40021,1885313,13,291,103,409,152701,53816
317580,243301,34993,2052910,22,297,92,589,153594,60937
290794,290783,18683,933718,19,147,50,323,37156,15893
243300,87148,208950,5058210,26,1260,514,1151,557190,198109
317580,73221,166823,3809511,19,1068,424,914,511581,178035
317528,434393,185361,6755375,25,1246,464,1891,1479369,431945
87148,303394,194290,3635305,18,1217,500,572,1812005,315166
317528,243292,19785,2017023,16,291,42,578,168565,60415
317394,317528,4026,74161,9,39,11,50,10750,1788
415045,40078,161647,6015941,48,1204,367,1466,1524319,411314
317528,87148,200119,4568823,18,1256,505,1219,1121607,327896
380608,87148,184798,3245875,23,1152,474,765,472869,153600
40090,358006,213350,5850265,35,1324,494,890,1645372,383887
73221,290786,149970,2861624,19,941,369,698,1302139,301014
358006,317528,162684,6558133,18,1305,506,1499,1276973,373276
358006,290786,188879,7115109,31,1293,483,1611,1384284,398692
415045,303394,168511,5240913,24,1154,426,1348,1413166,387744
317580,303394,36565,1917389,16,297,93,417,138481,54679
428918,87148,144154,2842132,19,1011,345,410,1117634,269405
73221,428917,126951,1532365,20,862,314,580,649949,177320
40083,399936,176883,3793493,17,1136,441,877,400730,133276
317580,358006,206106,6520150,19,1308,518,1597,1371830,425220
87148,40072,190004,4218680,41,1241,443,635,1921645,342689
428917,358006,261157,3948363,18,1101,390,473,1230572,324786
87148,428918,146175,2985688,18,1013,365,360,1439919,244524
317394,290783,37075,1021406,21,255,95,390,278479,25561
243301,108984,157606,5531000,25,1027,394,1517,1078583,271886
428918,243288,175082,6547077,29,1176,432,1626,1574561,422423
40085,290798,155707,4177940,50,954,392,1117,885545,159290
40082,87148,372816,4248922,41,1254,501,877,624962,166996
358004,243301,185080,6538481,21,1302,432,1163,2116971,373525
40087,40080,720,680922,57,100,0,108,10668,3751
243292,40078,16169,1515901,37,145,47,384,46007,23252
303031,399936,184062,3527933,20,1106,462,819,389277,129206
40080,87148,258415,4382682,43,1256,505,931,492062,167261
243301,317394,60074,1935747,17,302,94,636,68979,32130
263123,317528,163594,5376372,17,1108,410,1648,1497390,397859
375050,303394,147024,3764638,19,823,377,750,962495,214243
428913,303394,162977,5219784,21,1153,388,1338,1387019,387744
434393,290794,177744,6215741,31,1232,434,1729,1829869,365792
380608,40079,10162,1179083,37,129,26,171,43367,18494
87148,290796,203888,5621430,25,1263,467,1242,2149304,400303
40071,290786,173211,4256838,45,1034,434,1136,515391,170907
380608,40087,10043,1005558,37,100,28,117,29261,12829
317528,263123,182347,5048542,21,1089,449,1556,1259524,373042
40086,317528,43241,2863821,17,324,112,682,199033,71076
290798,428917,210959,4843421,38,1138,427,1258,2970795,362320
290784,243292,65907,3190053,17,386,168,984,476782,112887
40090,428917,181984,5731762,41,1198,444,1533,1595707,369653
290794,428905,160491,4784286,21,1081,397,1398,1301969,370022
243300,358006,212244,6744853,25,1330,528,1169,1266955,401145
290794,290677,4178,193232,19,50,10,48,824,432
40087,87254,203723,4288892,42,1222,466,880,550528,173713
317580,40090,52339,3257877,39,375,132,843,357635,129596
317394,87148,176357,4539124,18,1256,413,1189,1277845,328277
87148,375066,202620,5406420,25,1270,522,1461,2133919,394312
303031,317528,47111,3031232,18,334,124,521,246797,87951
358006,40085,207425,5798434,38,1315,455,901,1214896,345203
87148,303031,196055,3738548,23,1223,502,566,1829955,319745
303394,40081,16579,1403719,36,142,49,213,51036,17976
87148,317580,243276,4786283,22,1257,499,1225,1988278,362025
40086,303394,14230,1306030,14,127,41,243,33741,16279
40085,40084,47,76032,6,16,0,6,51,12
40082,87148,155866,4248922,41,1254,456,877,624962,166996
290794,243292,70522,3218303,19,390,168,991,323838,113433
303031,108984,162425,4445758,22,991,398,1145,876033,260652
290784,290796,4216,173026,18,47,13,42,840,451
428905,317394,178367,5544072,19,1143,423,1425,1489388,397285
317580,40087,53278,3294319,46,379,119,850,369124,133205
290786,428917,178904,4660988,26,1136,445,1215,1245189,362112
428917,40079,181730,6024548,51,1207,426,1469,1515213,411387
40081,87148,206817,4249481,42,1254,502,878,518191,166996
303394,317528,41590,2046915,14,292,107,389,142286,45365
290787,317580,22582,1260870,19,280,46,404,83352,30848
290677,40079,181116,4521515,43,1049,451,1001,1658172,334338
317528,375050,21953,2180868,18,295,47,544,191927,69119
428913,40085,294158,5809319,43,1199,446,1400,1574149,408208
134388,243283,192939,5544890,26,1262,467,1321,1483223,422709
40086,40082,7457,344841,37,88,22,91,6169,3242
87148,40079,202725,4415453,43,1247,481,691,1942614,348528
303031,358006,234828,5430198,21,1280,498,825,1284207,382890
40087,415045,269879,5788357,46,1203,444,1538,1305503,369101
87254,303394,188834,3658938,19,1183,477,562,1140308,314440
303394,290794,68276,3129754,20,401,183,701,745636,129639
40085,399936,183822,4011856,38,1142,452,888,792241,133112
303394,290786,69239,3119081,21,399,181,697,739879,128385
428913,40085,182846,5809319,43,1199,433,1400,1574149,408208
317394,87148,200642,4539124,18,1256,486,1189,1277845,328277
428917,317580,165431,5386465,31,1151,409,1361,1484457,396640
380608,87148,188429,3245875,23,1152,479,765,472869,153600
40079,428917,196924,5954225,48,1207,458,1592,1461539,369706
87148,40082,198174,4230201,41,1241,476,635,1922586,342964
243283,290787,38575,3030705,25,391,83,965,200373,78252
290783,40082,85317,4317988,40,550,199,905,424889,153675
263123,40081,190454,5845923,43,1179,471,1490,1521016,408907
290784,290794,1593,32296,5,18,4,9,79,30
87254,317580,195493,4809916,22,1229,501,1215,1255428,361927
290796,74673,164858,3522816,29,1016,424,772,1212145,133122
434393,134388,148162,2906925,17,1032,373,449,1199864,154132
40085,399936,188161,4011856,38,1142,452,888,792241,133112
290784,243288,42763,3205363,15,372,100,990,479645,113923
317394,40079,66074,3406674,37,413,167,634,636274,148580
303031,317580,51544,3031870,21,340,136,529,246998,88017
290794,87148,196186,4942045,21,1260,489,1178,1320569,377002
87254,290786,199940,5486806,24,1242,496,1211,1380765,395876
40090,40087,791,94794,9,21,2,9,145,60
303394,87148,179800,3531280,21,1222,497,811,1125034,174967
317580,87254,532271,4666087,20,1230,458,1228,1080017,335300
40079,317528,29440,3316593,40,348,64,804,195642,75681
263123,40083,185572,5590461,21,1155,473,1476,1509179,403053
290786,303031,137710,3923761,24,779,359,900,770545,231626
40072,434393,202246,7153238,46,1301,479,1276,1654699,431105
290786,263123,183969,4548539,21,1041,361,1299,1200679,347832
434393,40071,202346,7176228,50,1302,478,1385,1947424,400538
87148,380608,168605,3240353,24,1129,414,524,1597146,270794
290794,263124,154867,4546403,19,1040,381,1308,1232911,347836
428918,290677,178268,4543957,29,1130,443,1395,1375048,360440
303394,317394,40807,2007502,14,302,103,364,135142,43158
290786,428918,173886,4657831,25,1135,424,1214,1244571,361891
290783,428918,141278,5514634,21,1118,448,1456,1251575,365804
290794,40083,157422,4172470,21,939,396,1215,1062237,299536
290783,40083,88095,4063249,21,504,227,1147,372784,136169
290796,40082,162677,4344307,42,967,378,946,2053668,308462
290786,290784,1093,21623,5,21,3,5,311,21
40080,40079,461,6837,2,8,1,2,38,4
434393,358006,122567,2818621,20,925,303,400,1095253,127762
87148,226179,205982,2827963,25,964,330,802,1334826,223122
358006,74673,288964,4067392,20,1087,448,914,907170,236113
434393,243301,193431,7931441,31,1288,466,1647,1986072,419040
317394,428917,170907,5005128,23,1153,436,1464,1404737,372084
380608,375050,205998,4331107,23,1118,499,770,1292660,321457
243288,40071,16086,1262365,37,131,47,285,41281,19853
428913,87148,151324,2820673,15,1007,377,399,965194,269204
375050,243301,178139,4257628,24,1053,441,1193,1454380,298910
290677,358004,203618,6940651,26,1287,499,1571,2023541,430637
40086,303394,13540,1306030,14,127,38,243,33741,16279
108984,40084,166897,4851219,41,1039,405,1172,1955968,406741
87148,428917,146490,2988845,19,1014,357,361,1442753,245058
399936,40085,176374,4128839,36,1143,430,926,1585699,395236
87254,243283,203025,5018372,29,1231,499,861,1285738,374350
87148,87148,426,0,0,2,1,0,5,1
428913,358006,167349,3985829,18,1098,414,479,1113166,326450
317528,428918,181022,5031670,22,1147,455,1493,1255545,371667
317580,428917,178086,5066903,26,1151,447,1502,1187246,372118
40079,87148,187147,4386085,43,1256,447,931,719597,167261
263123,317394,158801,5336959,17,1113,387,1623,1492572,395875
290783,415045,184312,5514304,20,1117,457,1455,1251487,365774
317394,87148,204070,4539124,18,1256,502,1189,1277845,328277
290798,317580,39256,1232547,26,280,99,387,356147,27780
290783,243301,61672,3112893,22,390,158,926,222116,86535
317528,87254,200688,4634011,17,1228,487,1220,1143213,334701
428913,87254,148144,2861502,15,993,351,398,970648,271262
290796,428913,272680,4780636,29,1129,403,1244,2275311,361887
40084,40084,756,0,0,2,2,0,0,1
317394,358006,215216,6458375,16,1310,538,1559,1583213,425220
358006,428913,157053,3912840,17,1098,384,483,852782,218748
40087,317580,45827,3164950,43,342,115,765,243312,76002
428917,87148,145078,2845289,20,1012,353,411,1078522,269405
434393,87148,226970,3249282,24,1144,371,348,1431544,212621
428917,428917,687,0,0,2,2,0,0,1
40083,87148,181838,4009115,19,1242,454,865,514863,167614
290783,290798,19286,923275,28,160,49,251,32581,14880
358006,290794,206624,7104810,31,1291,504,1611,1383589,398380
317528,87148,223084,4568823,18,1256,494,1219,1121607,327896
40082,263124,194637,5830965,45,1171,470,1601,1367944,371598
290798,73221,190259,3344611,32,1012,406,690,737657,115599
74673,317528,181064,4128883,18,1089,448,1045,1557902,389370
290786,40078,157520,4595546,42,1125,351,1024,1228780,356451
380608,425394,190572,4967686,25,1147,480,1626,1521387,385371
243283,40087,17626,1328658,44,165,46,319,42850,21135
415044,40086,171554,5640977,29,1183,417,1431,1402104,403768
380608,263123,181740,4827730,26,1122,457,1488,1469021,370084
290794,317394,37598,1208709,23,284,93,397,70148,27983
40071,375050,216512,5271462,44,1260,536,1336,1872221,319700
358004,303031,261420,5287214,21,1256,482,831,2018787,331486
40082,428917,193886,5817062,46,1203,449,1538,1361210,369653
40079,317394,10371,3299371,39,358,0,851,193092,74736
87148,415044,174887,2985073,16,1011,382,358,1439346,244413
358006,263124,160576,4561900,19,1093,405,742,1086601,292034
40071,428917,240976,5790013,47,1204,440,1539,2265868,369653
434393,290794,187696,6215741,31,1232,452,1729,1829869,365792
303031,317528,51046,3031232,18,334,135,521,246797,87951
40081,40078,6503,704982,55,98,19,106,7333,3741
375066,87148,201028,5188084,23,1260,492,1445,1321751,384706
303031,243300,13929,1255495,19,158,48,335,32306,14521
317580,134388,165628,4235714,21,1070,411,990,877142,272729
74673,40078,191132,4930529,42,1105,467,1237,1653424,412709
87148,134388,154482,2055293,20,998,392,306,348066,92474
226179,263123,120584,966644,14,643,209,465,426460,130350
428918,40078,187860,6016271,49,1205,444,1467,1551298,411314
415045,290786,167145,4393414,30,1134,418,1374,1282558,351191
263123,358006,157824,4853043,19,1092,384,732,1130002,371909
303394,40079,8435,1586735,37,185,17,268,75117,24635
40085,415044,188991,5791846,42,1199,440,1534,1740547,369053
108984,399936,115404,1137929,18,893,268,645,1025668,177693
428917,428917,29,0,0,2,0,0,0,1
290796,428913,174344,4780636,29,1129,430,1244,2275311,361887
290794,358004,212582,6820751,19,1290,522,1546,1514363,430637
40087,40090,819,118434,9,31,2,9,161,55
40079,428917,196414,5954225,48,1207,474,1592,1461539,369706
40080,243288,14669,1367078,38,132,39,319,16595,8955
40079,290677,168850,4309653,45,988,420,1159,679146,154902
303394,415045,177628,5095933,24,1154,445,1470,2785241,371877
87148,40086,166694,4035654,24,1237,491,656,1887146,333972
40084,87148,194918,4202392,40,1248,459,876,604059,166996
87254,358006,73259,2000778,18,435,141,306,273823,84878
428917,40083,177527,5586070,28,1180,451,1400,1496592,402166
425394,40086,193349,5844424,21,1189,450,1531,1574427,404678
40085,399936,180801,4011856,38,1142,439,888,792241,133112
40081,358006,248596,5936124,41,1330,546,896,1296553,383887
40080,290796,230699,4314294,46,990,414,1160,452857,156390
40090,428917,193364,5731762,41,1198,472,1533,1595707,369653
428913,303394,178740,5219784,21,1153,446,1338,1387019,387744
358004,40090,210128,5754152,34,1302,517,895,2049942,344566
243288,40079,15980,1443216,36,131,47,340,47175,22538
40078,226179,205223,5162144,45,1067,411,1251,1001483,282352
40087,290794,170086,4269342,45,1034,413,1141,544920,171888
428917,243301,296253,6598910,31,1190,436,1676,1540944,423937
108984,290787,138425,3562944,23,974,335,1158,1647738,348607
40082,317580,44922,3190168,41,346,112,763,267965,76002
243292,87148,196112,5050807,22,1260,481,1147,581023,198109
317528,317580,3973,25683,7,18,11,12,131,51
317528,317528,743,0,0,2,2,0,0,1
40085,317580,46361,3168724,40,342,120,762,597696,76002
40080,290677,169226,4306250,45,988,421,1159,447482,154902
40079,40082,8369,642263,55,99,25,98,5822,3226
317394,73221,283977,3747736,16,1064,429,876,734769,177916
317394,428917,177370,5005128,23,1153,457,1464,1404737,372084
40072,243283,2633,1254047,42,164,1,292,18362,9925
428913,108984,118753,946510,14,774,281,320,296711,76453
290786,87148,191057,4944369,24,1260,455,1170,1285562,377002
40086,415044,178324,5624247,23,1183,444,1567,1398315,369733
87148,40085,203331,4224840,40,1241,498,634,1922143,342836
303394,290796,59946,3025828,21,359,155,673,564695,118561
87148,290794,243741,5452874,24,1261,467,1221,2137325,395673
74673,263123,121529,1217739,14,786,314,596,515276,156560
243288,40084,16503,1232207,35,131,47,283,40003,19288
87148,40085,208321,4224840,40,1241,508,634,1922143,342836
317580,303031,53035,2791544,21,341,136,547,282728,102570
87148,40082,198004,4230201,41,1241,478,635,1922586,342964
428917,317394,165644,5346414,28,1153,389,1328,1477560,393883
290798,290798,840,0,0,2,2,0,141,1
87148,425394,175523,3468638,16,1096,434,590,1757681,299446
243301,290786,46576,3047326,24,383,149,969,193785,78152
434393,74673,147907,3176927,23,1111,354,936,1381042,197861
358004,425394,157841,4461610,16,1093,403,674,1859035,284519
290677,40086,142177,4036876,23,765,342,1142,1252289,231212
290798,303394,36039,3023887,27,372,53,754,656374,97088
317528,317580,3995,25683,7,18,11,12,131,51
290786,243301,64996,3210319,23,400,167,990,328155,113133
74673,317394,174863,4089470,18,1089,433,1020,1551191,386902
428905,358006,132074,4668968,17,1076,386,584,1286221,357669
303031,40085,8898,491386,36,88,26,72,5572,3001
375050,303031,202764,4638793,24,1155,512,880,1665372,354342
40078,399936,172671,4165343,40,1142,412,942,421086,133162
317528,415045,225754,5031340,21,1146,443,1492,1255475,371645
317394,87254,198580,4604312,17,1228,485,1190,1298678,335201
290677,415044,148632,4774792,27,1128,360,1245,1745647,362058
87254,303031,201932,3762181,24,1195,505,556,1153003,319232
87148,428913,138548,2982873,16,1011,341,356,1437497,244080
40079,380608,15464,1144193,38,134,42,170,9033,5181
428917,375066,167971,4099213,31,1146,400,1371,1248930,331296
40082,428905,149998,5970701,45,1198,425,1738,1416831,386371
358006,358006,654,0,0,2,2,0,0,1
40085,317580,25250,3168724,40,342,47,762,597696,76002
290798,40085,226719,4384334,48,957,409,952,2594463,305270
375066,317580,45448,2280942,17,306,116,602,168949,63405
87254,317528,220573,4809278,19,1229,476,1207,1255360,361895
74673,290794,143566,3048376,23,971,344,801,1310598,315326
290786,40081,195553,4417650,42,1065,462,970,1164226,335718
263123,380608,169260,4853839,25,1130,406,1378,1130065,371931
428918,40082,216291,5836139,48,1202,471,1412,1543073,408281
303394,317394,39409,2007502,14,302,99,364,135142,43158
317580,428917,161075,5066903,26,1151,383,1502,1187246,372118
87148,290796,228696,5621430,25,1263,515,1242,2149304,400303
290786,40071,165068,4419815,42,1065,389,970,1165232,336040
40071,428917,184237,5790013,47,1204,431,1539,2265868,369653
40072,399936,187985,3990329,39,1142,459,889,423316,133112
40090,290783,95574,4105492,36,511,193,1185,681001,157836
303394,428905,185435,5253059,25,1151,474,1672,2852668,390289
87148,40082,270742,4230201,41,1241,502,635,1922586,342964
87148,73221,183131,3103373,23,1099,464,721,1532472,258308
358006,74673,182543,4067392,20,1087,456,914,907170,236113
40078,87254,185476,4446153,41,1228,437,931,558259,173851
243300,40087,13257,1354899,44,159,35,335,42033,21273
290786,134388,181247,4292132,23,1070,442,1213,1112890,320228
87148,358004,70681,1911380,17,451,137,304,302767,81207
428913,40087,185151,5826407,46,1202,456,1403,1579076,408458
40079,108984,165997,5088288,43,1044,407,1269,1087332,261506
290794,87254,193973,5007233,20,1232,473,1179,1325679,378980
425394,290786,171866,4531421,24,1047,421,1386,1356940,350329
243301,87254,300858,5118552,24,1232,462,1151,579235,204386
317394,40079,67356,3406674,37,413,172,634,636274,148580
428917,87148,174189,2845289,20,1012,318,411,1078522,269405
87254,317394,201660,4769865,19,1227,491,1182,1251136,360005
87148,40086,194690,4035654,24,1237,494,656,1887146,333972
290787,40086,111890,4118631,24,901,247,1167,1152743,287598
380608,428917,170283,4814015,28,1155,424,1426,1462289,368178
243288,317580,38898,1963329,16,298,98,599,75407,33052
290794,425394,176171,4784318,19,1078,451,1398,1301971,370023
40090,399936,387954,3948000,34,1142,456,884,595783,133112
290786,358006,203462,6863620,22,1293,509,1540,1460938,431148
40085,87148,150616,4227478,40,1252,449,876,911048,166996
303394,290677,44868,3017784,20,357,111,672,527971,117367
40071,243283,15897,1269969,43,164,44,293,18342,9925
303394,428905,190632,5253059,25,1151,498,1672,2852668,390289
87148,40085,188605,4224840,40,1241,439,634,1922143,342836
40084,290796,150345,4144104,43,938,363,1110,570611,157806
40086,428917,179035,5628019,26,1186,451,1570,1400516,370316
134388,87148,145283,1894897,16,977,363,272,851799,231886
40085,40085,805,0,0,2,2,0,0,1
317580,425394,166576,5220574,23,1112,419,1702,1222575,384481
303031,415045,177420,5308208,25,1152,438,1466,1231668,367633
290798,317394,37445,1171195,32,282,93,377,321708,23898
358006,303031,201972,5312142,21,1267,486,833,1184634,331486
358006,87148,61717,1804363,18,454,149,290,51553,20725
317580,290783,11509,1074503,16,251,13,389,61315,25787
243283,40082,18828,1316931,42,165,48,317,42560,20992
358006,87148,63796,1804363,18,454,150,290,51553,20725
399936,317394,161989,3473273,14,1101,391,765,1437870,358981
108984,358006,138914,4062361,19,938,347,651,1711438,369954
317394,317528,4074,74161,9,39,11,50,10750,1788
40085,425394,191621,5949289,42,1194,481,1737,1802224,386374
317580,428917,185831,5066903,26,1151,411,1502,1187246,372118
290794,290794,1075,0,0,2,2,0,0,1
358006,415045,164549,3891442,15,1099,398,475,841711,215457
134388,290798,167498,4138060,32,1069,410,1270,1297853,369117
290796,243283,82210,3122816,24,404,161,962,1128542,104927
317528,74673,184757,4012453,20,1076,460,997,716040,218226
108984,87148,135656,2264473,20,940,342,554,1381296,267821
87148,87148,427,0,0,2,1,0,5,1
40086,226179,133731,4841058,24,1047,293,1230,1074133,283040
290794,40081,164749,4429445,41,1067,386,974,1200565,337343
87148,87254,4119,74796,12,61,14,18,1054,256
40079,87148,201091,4386085,43,1256,494,931,719597,167261
290796,263123,242867,4674159,26,1037,431,1333,2230579,348150
428917,87148,147367,2845289,20,1012,351,411,1078522,269405
40083,375050,207902,5033585,20,1242,524,1302,1091693,317556
40081,40083,1484,279813,34,81,2,44,682,267
290787,358004,251182,6825679,23,1293,517,1539,1639514,430637
290784,40072,182290,4387438,38,1051,457,966,1333105,333860
428905,290796,166621,4687661,25,1046,414,1407,1288278,358398
40085,317528,28980,3168086,37,336,65,754,597630,75978
243283,317528,34066,1935697,18,288,89,584,72955,32714
428917,290798,174430,4563908,38,1138,414,1404,1345858,361392
40085,40085,764,0,0,2,2,0,0,1
428917,87148,140442,2845289,20,1012,343,411,1078522,269405
317394,87148,195744,4539124,18,1256,494,1189,1277845,328277
399936,358006,189367,5125359,20,1201,472,1239,1658478,425668
40090,87148,322946,4163622,36,1246,506,872,713398,166996
226179,317394,207994,4481922,17,1014,333,1101,1251572,391292
40085,358006,218113,5914121,39,1328,536,894,1794169,383887
290798,317580,38747,1232547,26,280,99,387,356147,27780
358004,290786,210089,7090181,31,1292,519,1609,2239215,398692
425394,290794,160178,4521122,24,1045,401,1386,1354587,349704
317394,40083,32468,2966683,16,359,71,820,535608,115248
290783,303394,61988,2952180,18,364,152,706,204710,79751
87148,375066,213619,5406420,25,1270,526,1461,2133919,394312
415045,290786,175912,4393414,30,1134,437,1374,1282558,351191
317528,290783,33513,1073149,17,245,88,399,70449,26366
317528,380608,10016,2261273,20,299,5,497,211687,75688
40084,87254,214426,4267580,39,1220,499,877,627812,173713
290677,290796,1025,8044,1,4,2,1,44,2
290794,290784,1563,33418,5,18,4,9,80,33
290794,40079,160079,4612461,42,1123,377,1029,1268560,358407
399936,40084,194413,4108443,36,1143,474,926,1583473,394386
428917,317528,216078,5385827,28,1148,412,1353,1484327,396586
74673,87148,165663,2701077,18,1054,419,826,1238828,293293
415045,40085,179632,5830448,46,1200,421,1410,1518018,408208
317528,40080,61512,3432365,41,401,161,896,440612,147732
87148,74673,158542,2891661,22,1077,381,622,1365159,230739
263123,40086,196076,5649140,25,1161,463,1510,1512372,404569
87148,290784,209761,5457497,21,1261,516,1205,2137636,395791
134388,303394,215158,4185456,16,1069,439,1022,1301452,370542
243292,434393,184055,7998094,27,1282,453,1546,1831414,432538
317580,87254,173472,4666087,20,1230,411,1228,1080017,335300
290787,303394,66688,3052210,20,378,174,771,342387,103105
303394,73221,187818,3842028,20,1070,484,884,2127924,201175
358006,358006,674,0,0,2,2,0,0,1
415045,317394,174612,5342927,26,1151,432,1326,1484897,393883
40071,303394,20715,1468024,35,159,54,212,28996,14777
428905,375050,158005,4254818,26,1050,382,1382,1198862,330397
87148,40085,202679,4224840,40,1241,489,634,1922143,342836
303031,40078,9690,676879,38,98,28,128,9669,4975
74673,317528,167380,4128883,18,1089,420,1045,1557902,389370
40085,415044,183326,5791846,42,1199,446,1534,1740547,369053
40079,40081,8022,644499,56,99,23,99,5851,3245
40080,290786,187433,4407547,46,1086,462,1184,502166,170141
40079,317580,29615,3317231,43,354,57,812,195744,75720
399936,290783,180687,3333177,15,1091,468,841,1384833,344412
317528,40084,51997,3224759,40,367,128,839,380170,129075
317528,243288,38294,2032333,14,291,97,584,170013,61014
73221,243283,189391,5167038,21,1101,471,1273,2280272,421186
40087,134388,156873,4846692,44,1076,358,1000,823803,233677
290798,317528,39349,1242108,26,274,99,399,358280,28137
290677,415045,167477,4775077,28,1129,416,1246,1745691,362074
428917,40090,184847,5814581,44,1198,448,1408,1508305,407830
74673,290796,164458,3216932,22,999,398,822,1354618,326635
40072,87148,187588,4205951,41,1248,449,877,530964,166996
40072,40082,553,80262,8,27,1,8,75,30
317528,290796,30915,1072991,19,245,45,320,70410,26352
434393,428917,104689,1843591,16,898,234,361,599113,31443
303394,243288,32265,2112421,16,221,86,426,164699,50017
358006,40071,220139,5808196,40,1317,526,903,1215625,345536
380608,226179,150498,4027054,26,1016,349,1086,974155,281413
428913,434393,121028,1900685,15,895,286,432,760455,200063
263123,375050,153600,4026503,12,1005,379,794,997384,326724
317394,290786,9861,1114501,23,281,6,335,293458,31248
40078,87148,202900,4380965,42,1256,497,930,536084,167261
40080,303394,21514,1628833,36,184,60,265,29262,14868
375050,40085,213773,5125085,41,1243,525,948,1747648,381899
40071,317580,28907,3163119,42,342,60,764,198708,76002
